trait,latitude,longitude,state,county
A/pintail/Florida/23-038109-023-original/2023|H5N1|USA-FL|2023-11-25|avian|C2.1,28.3,-80.7,USA-FL,Brevard
A/lesser_scaup/Florida/23-038112-015-original/2023|H5N1|USA-FL|2023-11-18|avian|C2.1,28.3,-80.7,USA-FL,Brevard
A/ring-necked_duck/Florida/23-038112-052-original/2023|H5N1|USA-FL|2023-11-18|avian|C2.1,28.3,-80.7,USA-FL,Brevard
A/blue-winged_teal/Florida/23-038112-097-original/2023|H5N1|USA-FL|2023-11-18|avian|C2.1,28.3,-80.7,USA-FL,Brevard
A/domestic_duck/Florida/24-012642-001-original/2024|H5N1|USA-FL|2024-04-24|avian|C2.1,29.98,-81.86,USA-FL,Clay
A/hooded_merganser/South_Carolina/W24-028/2024|H5N1|USA-SC|2024-01-10|avian|C2.1,33.42,-79.3,USA-SC,Georgetown
A/chicken/South_Carolina/24-001707-001-original/2024|H5N1|USA-SC|2024-01-09|avian|C2.1,33.44,-80.8,USA-SC,Orangeburg
A/chicken/South_Carolina/24-001707-002-original/2024|H5N1|USA-SC|2024-01-18|avian|C2.1,33.44,-80.8,USA-SC,Orangeburg
A/wood_duck/Mississippi/24-004128-001-original/2024|H5N1|USA-MS|2024-01-29|avian|C2.1,33.55,-90.3,USA-MS,Leflore
A/wood_duck/Mississippi/24-004128-003-original/2024|H5N1|USA-MS|2024-01-29|avian|C2.1,33.55,-90.3,USA-MS,Leflore
A/wood_duck/Mississippi/24-004128-004-original/2024|H5N1|USA-MS|2024-01-29|avian|C2.1,33.55,-90.3,USA-MS,Leflore
A/wood_duck/Mississippi/24-004128-007-original/2024|H5N1|USA-MS|2024-01-29|avian|C2.1,33.55,-90.3,USA-MS,Leflore
A/wood_duck/Mississippi/24-004128-008-original/2024|H5N1|USA-MS|2024-01-29|avian|C2.1,33.55,-90.3,USA-MS,Leflore
A/wood_duck/Mississippi/24-004128-011-original/2024|H5N1|USA-MS|2024-01-29|avian|C2.1,33.55,-90.3,USA-MS,Leflore
A/wood_duck/South_Carolina/W23-970B/2023|H5N1|USA-SC|2023-12-20|avian|C2.1,33.66,-80.22,USA-SC,Clarendon
A/wood_duck/South_Carolina/W24-007C/2023|H5N1|USA-SC|2023-12-20|avian|C2.1,33.66,-80.22,USA-SC,Clarendon
A/wood_duck/South_Carolina/W24-007E/2023|H5N1|USA-SC|2023-12-20|avian|C2.1,33.66,-80.22,USA-SC,Clarendon
A/wood_duck/Mississippi/24-004235-001/2024|H5N1|USA-MS|2024-02-05|avian|C2.1,33.77,-89.8,USA-MS,Grenada
A/wood_duck/Mississippi/24-004235-002-original/2024|H5N1|USA-MS|2024-02-05|avian|C2.1,33.77,-89.8,USA-MS,Grenada
A/wood_duck/Mississippi/24-004235-003-original/2024|H5N1|USA-MS|2024-02-05|avian|C2.1,33.77,-89.8,USA-MS,Grenada
A/chicken/South_Carolina/24-001296-005/2024|H5N1|USA-SC|2024-01-11|avian|C2.1,33.91,-78.98,USA-SC,Horry
A/guinea_fowl/South_Carolina/24-001296-006/2024|H5N1|USA-SC|2024-01-11|avian|C2.1,33.91,-78.98,USA-SC,Horry
A/wood_duck/North_Carolina/W24-026/2024|H5N1|USA-NC|2024-01-04|avian|C2.1,34.86,-76.54,USA-NC,Carteret
A/turkey/North_Carolina/24-005140-001-original/2024|H5N1|USA-NC|2024-02-15|avian|C2.1,34.93,-77.93,USA-NC,Duplin
A/turkey/North_Carolina/24-005140-002-original/2024|H5N1|USA-NC|2024-02-15|avian|C2.1,34.93,-77.93,USA-NC,Duplin
A/green-winged_teal/North_Carolina/24-004327-001-original/2024|H5N1|USA-NC|2024-01-30|avian|C2.1,35.15,-76.67,USA-NC,Pamlico
A/turkey/North_Carolina/24-004217-001-original/2024|H5N1|USA-NC|2024-02-08|avian|C2.1,35.24,-77.64,USA-NC,Lenoir
A/American_wigeon/North_Carolina/24-002161-002-original/2024|H5N1|USA-NC|2024-01-13|avian|C2.1,35.41,-76.15,USA-NC,Hyde
A/wood_duck/North_Carolina/W24-011A/2023|H5N1|USA-NC|2023-12-21|avian|C2.1,35.41,-76.15,USA-NC,Hyde
A/redhead_duck/North_Carolina/W24-83A/2024|H5N1|USA-NC|2024-01-18|avian|C2.1,35.61,-75.77,USA-NC,Dare
A/American_white_pelican/North_Carolina/W24-84/2024|H5N1|USA-NC|2024-01-23|avian|C2.1,35.61,-75.77,USA-NC,Dare
A/Canada_goose/North_Carolina/W24-90A/2024|H5N1|USA-NC|2024-02-06|avian|C2.1,35.61,-82.53,USA-NC,Buncombe
A/Canada_goose/Virginia/24-004375-001-original/2024|H5N1|USA-VA|2024-02-06|avian|C2.1,37.55,-77.92,USA-VA,Powhatan
A/chicken/Maryland/23-036657-001/2023|H5N1|USA-MD|2023-11-19|avian|C2.1,38.866667,-75.816667,USA-MD,Caroline
A/chicken/Maryland/23-036719-001/2023|H5N1|USA-MD|2023-11-16|avian|C2.1,38.866667,-75.816667,USA-MD,Caroline
A/chicken/Pennsylvania/24-003804-001-original/2024|H5N1|USA-PA|2024-02-03|avian|C2.1,40.043889,-75.387778,USA-PA,Wayne
A/chicken/Pennsylvania/24-003804-003-original/2024|H5N1|USA-PA|2024-02-03|avian|C2.1,40.043889,-75.387778,USA-PA,Wayne
A/pheasant/Pennsylvania/23-040876-001-original/2023|H5N1|USA-PA|2023-12-21|avian|C2.1,40.893889,-76.796111,USA-PA,Northumberland
A/peafowl/Ohio/24-005906-001-original/2024|H5N1|USA-OH|2024-02-23|avian|C2.1,41.02,-80.77,USA-OH,Mahoning
A/poultry/Ohio/24-005906-002-original/2024|H5N1|USA-OH|2024-02-23|avian|C2.1,41.02,-80.77,USA-OH,Mahoning
A/Great_Black-Backed_Gull/Massachusetts/24WP00029/2024|H5N1|USA-MA|2024-03-18|avian|C2.1,41.282778,-70.099444,USA-MA,Nantucket
A/Great_Black-Backed_Gull/Massachusetts/24WP00030/2024|H5N1|USA-MA|2024-03-18|avian|C2.1,41.282778,-70.099444,USA-MA,Nantucket
A/great_black-backed_gull/Rhode_Island/24-014172-002-original/2024|H5N1|USA-RI|2024-04-30|avian|C2.1,41.39,-71.62,USA-RI,Washington
A/herring_gull/Rhode_Island/24-016702-001-original/2024|H5N1|USA-RI|2024-05-23|avian|C2.1,41.39,-71.62,USA-RI,Washington
A/brandt_goose/Rhode_Island/24HP00104/2024|H5N1|USA-RI|2024-03-08|avian|C2.1,41.68,-71.58,USA-RI,Kent
A/Herring_gull/Rhode_Island/24HP00137/2024|H5N1|USA-RI|2024-04-23|avian|C2.1,41.7,-71.28,USA-RI,Bristol
A/Canada_Goose/Massachusetts/23NE01751/2024|H5N1|USA-MA|2024-01-16|avian|C2.1,41.701417,-70.303056,USA-MA,Barnstable
A/American_Crow/Massachusetts/23NE01756/2024|H5N1|USA-MA|2024-03-07|avian|C2.1,41.701417,-70.303056,USA-MA,Barnstable
A/sanderling/Massachusetts/23NE01769/2024|H5N1|USA-MA|2024-03-07|avian|C2.1,41.701417,-70.303056,USA-MA,Barnstable
A/sanderling/Massachusetts/23NE01770/2024|H5N1|USA-MA|2024-03-07|avian|C2.1,41.701417,-70.303056,USA-MA,Barnstable
A/Red-Tailed_Hawk/Massachusetts/23NE01774/2024|H5N1|USA-MA|2024-03-07|avian|C2.1,41.701417,-70.303056,USA-MA,Barnstable
A/American_Crow/Massachusetts/23NE01779/2024|H5N1|USA-MA|2024-03-20|avian|C2.1,41.701417,-70.303056,USA-MA,Barnstable
A/Red-Tailed_Hawk/Massachusetts/23NE01782/2024|H5N1|USA-MA|2024-03-20|avian|C2.1,41.701417,-70.303056,USA-MA,Barnstable
A/Sanderling/Massachusetts/23NE01785/2024|H5N1|USA-MA|2024-03-20|avian|C2.1,41.701417,-70.303056,USA-MA,Barnstable
A/American_Crow/Massachusetts/23NE01794/2024|H5N1|USA-MA|2024-04-04|avian|C2.1,41.701417,-70.303056,USA-MA,Barnstable
A/Canada_Goose/Massachusetts/23WI00306/2024|H5N1|USA-MA|2024-01-13|avian|C2.1,41.701417,-70.303056,USA-MA,Barnstable
A/Red-Tailed_Hawk/Massachusetts/23WI00307/2024|H5N1|USA-MA|2024-01-13|avian|C2.1,41.701417,-70.303056,USA-MA,Barnstable
A/Great_Black-backed_Gull/Massachusetts/23WI00340/2024|H5N1|USA-MA|2024-02-18|avian|C2.1,41.701417,-70.303056,USA-MA,Barnstable
A/Herring_Gull/Massachusetts/23WI00341/2024|H5N1|USA-MA|2024-02-18|avian|C2.1,41.701417,-70.303056,USA-MA,Barnstable
A/Herring_Gull/Massachusetts/23WI00346/2024|H5N1|USA-MA|2024-02-22|avian|C2.1,41.701417,-70.303056,USA-MA,Barnstable
A/Sanderling/Massachusetts/23WI00347/2024|H5N1|USA-MA|2024-02-23|avian|C2.1,41.701417,-70.303056,USA-MA,Barnstable
A/Sanderling/Massachusetts/23WI00351/2024|H5N1|USA-MA|2024-02-24|avian|C2.1,41.701417,-70.303056,USA-MA,Barnstable
A/Great_Black-backed_Gull/Massachusetts/23WI00355/2024|H5N1|USA-MA|2024-02-27|avian|C2.1,41.701417,-70.303056,USA-MA,Barnstable
A/Great_Black-backed_Gull/Massachusetts/23WI00356/2024|H5N1|USA-MA|2024-02-27|avian|C2.1,41.701417,-70.303056,USA-MA,Barnstable
A/Great_Black-backed_Gull/Massachusetts/23WI00358/2024|H5N1|USA-MA|2024-02-28|avian|C2.1,41.701417,-70.303056,USA-MA,Barnstable
A/Herring_Gull/Massachusetts/23WI00359/2024|H5N1|USA-MA|2024-03-01|avian|C2.1,41.701417,-70.303056,USA-MA,Barnstable
A/American_Crow/Massachusetts/23WI00360/2024|H5N1|USA-MA|2024-03-01|avian|C2.1,41.701417,-70.303056,USA-MA,Barnstable
A/Sanderling/Massachusetts/23WI00364/2024|H5N1|USA-MA|2024-03-04|avian|C2.1,41.701417,-70.303056,USA-MA,Barnstable
A/Sanderling/Massachusetts/23WI00367/2024|H5N1|USA-MA|2024-03-11|avian|C2.1,41.701417,-70.303056,USA-MA,Barnstable
A/Sanderling/Massachusetts/23WI00369/2024|H5N1|USA-MA|2024-03-13|avian|C2.1,41.701417,-70.303056,USA-MA,Barnstable
A/Sanderling/Massachusetts/23WI00370/2024|H5N1|USA-MA|2024-03-14|avian|C2.1,41.701417,-70.303056,USA-MA,Barnstable
A/American_crow/Massachusetts/23WI00384/2024|H5N1|USA-MA|2024-03-31|avian|C2.1,41.701417,-70.303056,USA-MA,Barnstable
A/Great_Black-backed_Gull/Massachusetts/23WI00392/2024|H5N1|USA-MA|2024-04-04|avian|C2.1,41.701417,-70.303056,USA-MA,Barnstable
A/Corvus_ossifragus/MA/24-000869-001/2023|H5N1|USA-MA|2023-12-12|avian|C2.1,41.701417,-70.303056,USA-MA,Barnstable
A/Great_Black-backed_Gulll/MA/24-000869-002/2023|H5N1|USA-MA|2023-12-24|avian|C2.1,41.701417,-70.303056,USA-MA,Barnstable
A/chicken/Massachusetts/24-001134-001-original/2024|H5N1|USA-MA|2024-01-10|avian|C2.1,41.701417,-70.303056,USA-MA,Barnstable
A/sanderling/Massachusetts/24MM00280/2024|H5N1|USA-MA|2024-04-05|avian|C2.1,41.701417,-70.303056,USA-MA,Barnstable
A/sanderling/Massachusetts/24MM00281/2024|H5N1|USA-MA|2024-04-05|avian|C2.1,41.701417,-70.303056,USA-MA,Barnstable
A/sanderling/Massachusetts/24MM00282/2024|H5N1|USA-MA|2024-04-05|avian|C2.1,41.701417,-70.303056,USA-MA,Barnstable
A/sanderling/Massachusetts/24MM00283/2024|H5N1|USA-MA|2024-04-05|avian|C2.1,41.701417,-70.303056,USA-MA,Barnstable
A/sanderling/Massachusetts/24MM00286/2024|H5N1|USA-MA|2024-04-05|avian|C2.1,41.701417,-70.303056,USA-MA,Barnstable
A/sanderling/Massachusetts/24MM00287/2024|H5N1|USA-MA|2024-04-05|avian|C2.1,41.701417,-70.303056,USA-MA,Barnstable
A/American_crow/Massachusetts/24NE00007/2024|H5N1|USA-MA|2024-04-19|avian|C2.1,41.701417,-70.303056,USA-MA,Barnstable
A/American_Crow/Massachusetts/24NE00096/2024|H5N1|USA-MA|2024-04-11|avian|C2.1,41.701417,-70.303056,USA-MA,Barnstable
A/Red-Tailed_Hawk/Massachusetts/24WI00004/2024|H5N1|USA-MA|2024-04-15|avian|C2.1,41.701417,-70.303056,USA-MA,Barnstable
A/American_Crow/Massachusetts/24WI00016/2024|H5N1|USA-MA|2024-04-28|avian|C2.1,41.701417,-70.303056,USA-MA,Barnstable
A/sanderling/Massachusetts/24MM00284/2024|H5N1|USA-MA|2024-04-05|avian|C2.1,41.701417,-70.303056,USA-MA,Barnstable
A/sanderling/Massachusetts/24MM00285/2024|H5N1|USA-MA|2024-04-05|avian|C2.1,41.701417,-70.303056,USA-MA,Barnstable
A/bald_eagle/Massachusetts/24MM00234/2024|H5N1|USA-MA|2024-03-27|avian|C2.1,41.75,-71.09,USA-MA,Bristol
A/bald_eagle/Massachusetts/24MM00241/2024|H5N1|USA-MA|2024-03-27|avian|C2.1,41.75,-71.09,USA-MA,Bristol
A/partridge/New_York/23-039086-003-original/2023|H5N1|USA-NY|2023-12-11|avian|C2.1,41.76,-73.75,USA-NY,Dutchess
A/partridge/New_York/23-039086-005-original/2023|H5N1|USA-NY|2023-12-11|avian|C2.1,41.76,-73.75,USA-NY,Dutchess
A/surf_scoter/Rhode_Island/24HP00111/2024|H5N1|USA-RI|2024-03-08|avian|C2.1,41.87,-71.58,USA-RI,Providence
A/Common_Eider/Massachusetts/23NE01730/2024|H5N1|USA-MA|2024-03-07|avian|C2.1,41.99,-70.74,USA-MA,Plymouth
A/White-winged_Scoter/Massachusetts/23NE01739/2024|H5N1|USA-MA|2024-03-15|avian|C2.1,41.99,-70.74,USA-MA,Plymouth
A/common_raven/Massachusetts/24HP00517/2024|H5N1|USA-MA|2024-03-26|avian|C2.1,41.99,-70.74,USA-MA,Plymouth
A/Great_Black-backed_Gull/Massachusetts/24MM00212/2024|H5N1|USA-MA|2024-03-24|avian|C2.1,42.17,-71.19,USA-MA,Norfolk
A/Great_Black-backed_Gull/Massachusetts/24MM00219/2024|H5N1|USA-MA|2024-03-25|avian|C2.1,42.17,-71.19,USA-MA,Norfolk
A/herring_gull/Massachusetts/24MM00329/2024|H5N1|USA-MA|2024-04-13|avian|C2.1,42.17,-71.19,USA-MA,Norfolk
A/bald_eagle/Massachusetts/24HP00061/2024|H5N1|USA-MA|2024-02-23|avian|C2.1,42.271389,-71.798889,USA-MA,Worcester
A/bald_eagle/Massachusetts/24HP00062/2024|H5N1|USA-MA|2024-02-23|avian|C2.1,42.271389,-71.798889,USA-MA,Worcester
A/white-winged_scoter/Massachusetts/24HP00063/2024|H5N1|USA-MA|2024-02-23|avian|C2.1,42.271389,-71.798889,USA-MA,Worcester
A/bald_eagle/Massachusetts/24MM00088/2024|H5N1|USA-MA|2024-02-20|avian|C2.1,42.271389,-71.798889,USA-MA,Worcester
A/bald_eagle/Massachusetts/24MM00089/2024|H5N1|USA-MA|2024-02-20|avian|C2.1,42.271389,-71.798889,USA-MA,Worcester
A/Red-Tailed_Hawk/Massachusetts/23NE01728/2024|H5N1|USA-MA|2024-03-15|avian|C2.1,42.35892,-71.05781,USA-MA,Suffolk
A/lesser_scaup/Massachusetts/24MM00032/2024|H5N1|USA-MA|2024-02-03|avian|C2.1,42.35892,-71.05781,USA-MA,Suffolk
A/Canada_Goose/Massachusetts/24HP00050/2024|H5N1|USA-MA|2024-02-20|avian|C2.1,42.49,-71.39,USA-MA,Middlesex
A/Canada_Goose/Massachusetts/24MM00070/2024|H5N1|USA-MA|2024-02-16|avian|C2.1,42.49,-71.39,USA-MA,Middlesex
A/great_horned_owl/Massachusetts/24MM00193/2024|H5N1|USA-MA|2024-03-17|avian|C2.1,42.49,-71.39,USA-MA,Middlesex
A/bald_eagle/Massachusetts/24MM00224/2024|H5N1|USA-MA|2024-03-27|avian|C2.1,42.49,-71.39,USA-MA,Middlesex
A/bald_eagle/Massachusetts/24MM00225/2024|H5N1|USA-MA|2024-03-27|avian|C2.1,42.49,-71.39,USA-MA,Middlesex
A/bald_eagle/Massachusetts/24MM00236/2024|H5N1|USA-MA|2024-03-27|avian|C2.1,42.49,-71.39,USA-MA,Middlesex
A/Canada_Goose/Massachusetts/23SN01946/2024|H5N1|USA-MA|2024-02-05|avian|C2.1,42.631944,-70.783333,USA-MA,Essex
A/Canada_Goose/Massachusetts/23SN01947/2024|H5N1|USA-MA|2024-02-05|avian|C2.1,42.631944,-70.783333,USA-MA,Essex
A/Canada_Goose/Massachusetts/23SN01965/2024|H5N1|USA-MA|2024-02-06|avian|C2.1,42.631944,-70.783333,USA-MA,Essex
A/Canada_Goose/Massachusetts/23SN01966/2024|H5N1|USA-MA|2024-02-05|avian|C2.1,42.631944,-70.783333,USA-MA,Essex
A/Canada_Goose/Massachusetts/23SN01967/2024|H5N1|USA-MA|2024-02-05|avian|C2.1,42.631944,-70.783333,USA-MA,Essex
A/Canada_Goose/Massachusetts/23SN01978/2024|H5N1|USA-MA|2024-02-05|avian|C2.1,42.631944,-70.783333,USA-MA,Essex
A/Canada_Goose/Massachusetts/23SN01987/2024|H5N1|USA-MA|2024-02-05|avian|C2.1,42.631944,-70.783333,USA-MA,Essex
A/Canada_Goose/Massachusetts/23SN01988/2024|H5N1|USA-MA|2024-02-05|avian|C2.1,42.631944,-70.783333,USA-MA,Essex
A/Canada_Goose/Massachusetts/23SN01997/2024|H5N1|USA-MA|2024-02-06|avian|C2.1,42.631944,-70.783333,USA-MA,Essex
A/Canada_Goose/Massachusetts/23SN01998/2024|H5N1|USA-MA|2024-02-05|avian|C2.1,42.631944,-70.783333,USA-MA,Essex
A/chicken/Massachusetts/24-003817-001-original/2024|H5N1|USA-MA|2024-02-02|avian|C2.1,42.631944,-70.783333,USA-MA,Essex
A/Canada_Goose/MA/24-004865-005/2024|H5N1|USA-MA|2024-02-05|avian|C2.1,42.631944,-70.783333,USA-MA,Essex
A/Canada_Goose/Massachusetts/24HP00005/2024|H5N1|USA-MA|2024-02-05|avian|C2.1,42.631944,-70.783333,USA-MA,Essex
A/Canada_Goose/Massachusetts/24HP00007/2024|H5N1|USA-MA|2024-02-05|avian|C2.1,42.631944,-70.783333,USA-MA,Essex
A/Canada_Goose/Massachusetts/24HP00009/2024|H5N1|USA-MA|2024-02-05|avian|C2.1,42.631944,-70.783333,USA-MA,Essex
A/Canada_Goose/Massachusetts/24HP00018/2024|H5N1|USA-MA|2024-02-08|avian|C2.1,42.631944,-70.783333,USA-MA,Essex
A/Canada_Goose/Massachusetts/24HP00022/2024|H5N1|USA-MA|2024-02-08|avian|C2.1,42.631944,-70.783333,USA-MA,Essex
A/Canada_Goose/Massachusetts/24HP00031/2024|H5N1|USA-MA|2024-02-08|avian|C2.1,42.631944,-70.783333,USA-MA,Essex
A/Canada_Goose/Massachusetts/24HP00033/2024|H5N1|USA-MA|2024-02-08|avian|C2.1,42.631944,-70.783333,USA-MA,Essex
A/Canada_Goose/Massachusetts/24HP00036/2024|H5N1|USA-MA|2024-02-08|avian|C2.1,42.631944,-70.783333,USA-MA,Essex
A/Canada_Goose/Massachusetts/24HP00037/2024|H5N1|USA-MA|2024-02-08|avian|C2.1,42.631944,-70.783333,USA-MA,Essex
A/Canada_Goose/Massachusetts/24HP00038/2024|H5N1|USA-MA|2024-02-08|avian|C2.1,42.631944,-70.783333,USA-MA,Essex
A/sanderling/Massachusetts/24HP00039/2024|H5N1|USA-MA|2024-02-12|avian|C2.1,42.631944,-70.783333,USA-MA,Essex
A/sanderling/Massachusetts/24HP00040/2024|H5N1|USA-MA|2024-02-12|avian|C2.1,42.631944,-70.783333,USA-MA,Essex
A/white-winged_scoter/Massachusetts/24HP00067/2024|H5N1|USA-MA|2024-02-23|avian|C2.1,42.631944,-70.783333,USA-MA,Essex
A/white-winged_scoter/Massachusetts/24HP00069/2024|H5N1|USA-MA|2024-02-23|avian|C2.1,42.631944,-70.783333,USA-MA,Essex
A/white-winged_scoter/Massachusetts/24HP00070/2024|H5N1|USA-MA|2024-02-23|avian|C2.1,42.631944,-70.783333,USA-MA,Essex
A/white-winged_scoter/Massachusetts/24HP00073/2024|H5N1|USA-MA|2024-02-28|avian|C2.1,42.631944,-70.783333,USA-MA,Essex
A/white-winged_scoter/Massachusetts/24HP00075/2024|H5N1|USA-MA|2024-02-26|avian|C2.1,42.631944,-70.783333,USA-MA,Essex
A/white-winged_scoter/Massachusetts/24HP00076/2024|H5N1|USA-MA|2024-02-26|avian|C2.1,42.631944,-70.783333,USA-MA,Essex
A/black_scoter/Massachusetts/24HP00081/2024|H5N1|USA-MA|2024-03-02|avian|C2.1,42.631944,-70.783333,USA-MA,Essex
A/herring_gull/Massachusetts/24HP00083/2024|H5N1|USA-MA|2024-03-03|avian|C2.1,42.631944,-70.783333,USA-MA,Essex
A/herring_gull/Massachusetts/24HP00084/2024|H5N1|USA-MA|2024-03-03|avian|C2.1,42.631944,-70.783333,USA-MA,Essex
A/common_loon/Massachusetts/24HP00251/2024|H5N1|USA-MA|2024-03-07|avian|C2.1,42.631944,-70.783333,USA-MA,Essex
A/common_loon/Massachusetts/24HP00252/2024|H5N1|USA-MA|2024-03-07|avian|C2.1,42.631944,-70.783333,USA-MA,Essex
A/common_loon/Massachusetts/24HP00254/2024|H5N1|USA-MA|2024-03-07|avian|C2.1,42.631944,-70.783333,USA-MA,Essex
A/common_loon/Massachusetts/24HP00255/2024|H5N1|USA-MA|2024-03-07|avian|C2.1,42.631944,-70.783333,USA-MA,Essex
A/common_loon/Massachusetts/24HP00270/2024|H5N1|USA-MA|2024-03-11|avian|C2.1,42.631944,-70.783333,USA-MA,Essex
A/Scoter/Massachusetts/24HP00405/2024|H5N1|USA-MA|2024-04-12|avian|C2.1,42.631944,-70.783333,USA-MA,Essex
A/Scoter/Massachusetts/24HP00407/2024|H5N1|USA-MA|2024-04-12|avian|C2.1,42.631944,-70.783333,USA-MA,Essex
A/white-winged_scoter/Massachusetts/24MM00090/2024|H5N1|USA-MA|2024-02-21|avian|C2.1,42.631944,-70.783333,USA-MA,Essex
A/white-winged_scoter/Massachusetts/24MM00091/2024|H5N1|USA-MA|2024-02-21|avian|C2.1,42.631944,-70.783333,USA-MA,Essex
A/white-winged_scoter/Massachusetts/24MM00106/2024|H5N1|USA-MA|2024-02-23|avian|C2.1,42.631944,-70.783333,USA-MA,Essex
A/white-winged_scoter/Massachusetts/24MM00122/2024|H5N1|USA-MA|2024-02-27|avian|C2.1,42.631944,-70.783333,USA-MA,Essex
A/white-winged_scoter/Massachusetts/24MM00123/2024|H5N1|USA-MA|2024-02-27|avian|C2.1,42.631944,-70.783333,USA-MA,Essex
A/white-winged_scoter/Massachusetts/24MM00125/2024|H5N1|USA-MA|2024-02-26|avian|C2.1,42.631944,-70.783333,USA-MA,Essex
A/white-winged_scoter/Massachusetts/24MM00169/2024|H5N1|USA-MA|2024-03-11|avian|C2.1,42.631944,-70.783333,USA-MA,Essex
A/White-winged_Scoter/Massachusetts/24MM00170/2024|H5N1|USA-MA|2024-03-11|avian|C2.1,42.631944,-70.783333,USA-MA,Essex
A/common_loon/Massachusetts/24MM00171/2024|H5N1|USA-MA|2024-03-11|avian|C2.1,42.631944,-70.783333,USA-MA,Essex
A/Canada_goose/Massachusetts/23SN01904/2024|H5N1|USA-MA|2024-02-12|avian|C2.1,42.7542,-70.7975,USA-MA,Plum_Island
A/Canada_Goose/Massachusetts/23SN01943/2024|H5N1|USA-MA|2024-02-12|avian|C2.1,42.7542,-70.7975,USA-MA,Plum_Island
A/Canada_Goose/Massachusetts/23SN01954/2024|H5N1|USA-MA|2024-02-14|avian|C2.1,42.7542,-70.7975,USA-MA,Plum_Island
A/Canada_goose/Massachusetts/23SN01963/2024|H5N1|USA-MA|2024-02-14|avian|C2.1,42.7542,-70.7975,USA-MA,Plum_Island
A/Canada_goose/Massachusetts/23SN01964/2024|H5N1|USA-MA|2024-02-12|avian|C2.1,42.7542,-70.7975,USA-MA,Plum_Island
A/Canada_goose/Massachusetts/23SN01983/2024|H5N1|USA-MA|2024-02-14|avian|C2.1,42.7542,-70.7975,USA-MA,Plum_Island
A/Canada_goose/Massachusetts/23SN01984/2024|H5N1|USA-MA|2024-02-14|avian|C2.1,42.7542,-70.7975,USA-MA,Plum_Island
A/Canada_goose/Massachusetts/23SN01985/2024|H5N1|USA-MA|2024-02-10|avian|C2.1,42.7542,-70.7975,USA-MA,Plum_Island
A/Herring_gull/New_Hampshire/23NE01700/2024|H5N1|USA-NH|2024-02-27|avian|C2.1,42.99,-71.09,USA-NH,Rockingham
A/Herring_gull/NH/24-014129-001/2024|H5N1|USA-NH|2024-02-27|avian|C2.1,42.99,-71.09,USA-NH,Rockingham
A/green-winged_teal/New_York/23-033302-033-original/2023|H5N1|USA-NY|2023-10-21|avian|C2.1,43,-78.19,USA-NY,Genesee
A/chicken/New_York/24-005701-001-original/2024|H5N1|USA-NY|2024-02-22|avian|C2.1,43.01,-76.2,USA-NY,Onondaga
A/Great_Horned_Owl/New_Hampshire/23NE01620/2024|H5N1|USA-NH|2024-02-03|avian|C2.1,43.29,-71.03,USA-NH,Stafford
A/mallard/New_Hampshire/24-002162-001-original/2024|H5N1|USA-NH|2024-01-17|avian|C2.1,43.3,-71.68,USA-NH,Merrimack
A/mallard/New_Hampshire/24-004334-001-original/2024|H5N1|USA-NH|2024-02-02|avian|C2.1,43.36,-72.22,USA-NH,Sullivan
A/mallard/New_Hampshire/24-004334-002-original/2024|H5N1|USA-NH|2024-02-02|avian|C2.1,43.36,-72.22,USA-NH,Sullivan
A/mallard/New_Hampshire/24-004334-004-original/2024|H5N1|USA-NH|2024-02-02|avian|C2.1,43.36,-72.22,USA-NH,Sullivan
A/mallard/New_Hampshire/24-004334-006-original/2024|H5N1|USA-NH|2024-02-02|avian|C2.1,43.36,-72.22,USA-NH,Sullivan
A/mallard/New_Hampshire/24-004334-008-original/2024|H5N1|USA-NH|2024-02-02|avian|C2.1,43.36,-72.22,USA-NH,Sullivan
A/mallard/New_Hampshire/24-004334-010-original/2024|H5N1|USA-NH|2024-02-02|avian|C2.1,43.36,-72.22,USA-NH,Sullivan
A/mallard/New_Hampshire/24-004334-011-original/2024|H5N1|USA-NH|2024-02-02|avian|C2.1,43.36,-72.22,USA-NH,Sullivan
A/mallard/New_Hampshire/24-004334-012-original/2024|H5N1|USA-NH|2024-02-02|avian|C2.1,43.36,-72.22,USA-NH,Sullivan
A/mallard/New_Hampshire/24-004334-013-original/2024|H5N1|USA-NH|2024-02-02|avian|C2.1,43.36,-72.22,USA-NH,Sullivan
A/mallard/New_Hampshire/24-004334-016-original/2024|H5N1|USA-NH|2024-02-02|avian|C2.1,43.36,-72.22,USA-NH,Sullivan
A/mallard/New_Hampshire/24-004334-017-original/2024|H5N1|USA-NH|2024-02-02|avian|C2.1,43.36,-72.22,USA-NH,Sullivan
A/mallard/New_Hampshire/24-004334-018-original/2024|H5N1|USA-NH|2024-02-02|avian|C2.1,43.36,-72.22,USA-NH,Sullivan
A/mallard/New_Hampshire/24-004334-019-original/2024|H5N1|USA-NH|2024-02-02|avian|C2.1,43.36,-72.22,USA-NH,Sullivan
A/mallard/New_Hampshire/24-004334-020-original/2024|H5N1|USA-NH|2024-02-02|avian|C2.1,43.36,-72.22,USA-NH,Sullivan
A/mallard/New_Hampshire/24-004334-021-original/2024|H5N1|USA-NH|2024-02-02|avian|C2.1,43.36,-72.22,USA-NH,Sullivan
A/mallard/New_Hampshire/24-004334-024-original/2024|H5N1|USA-NH|2024-02-02|avian|C2.1,43.36,-72.22,USA-NH,Sullivan
A/mallard/New_Hampshire/24-004334-026-original/2024|H5N1|USA-NH|2024-02-02|avian|C2.1,43.36,-72.22,USA-NH,Sullivan
A/mallard/New_Hampshire/24-004334-027-original/2024|H5N1|USA-NH|2024-02-02|avian|C2.1,43.36,-72.22,USA-NH,Sullivan
A/mallard/New_Hampshire/24-004334-037-original/2024|H5N1|USA-NH|2024-02-02|avian|C2.1,43.36,-72.22,USA-NH,Sullivan
A/mallard/New_Hampshire/24-004334-044/2024|H5N1|USA-NH|2024-02-02|avian|C2.1,43.36,-72.22,USA-NH,Sullivan
A/American_crow/Maine/23NE01629/2024|H5N1|USA-ME|2024-01-30|avian|C2.1,43.41,-70.67,USA-ME,York
A/chicken/Maine/24-000724-001/2024|H5N1|USA-ME|2024-01-08|avian|C2.1,43.41,-70.67,USA-ME,York
A/chicken/Maine/24-000724-002/2024|H5N1|USA-ME|2024-01-08|avian|C2.1,43.41,-70.67,USA-ME,York
A/chicken/Maine/24-000724-003/2024|H5N1|USA-ME|2024-01-08|avian|C2.1,43.41,-70.67,USA-ME,York
A/turkey/Minnesota/24-012740-001-original/2024|H5N1|USA-MN|2024-04-29|avian|C2.1,44.03,-92.86,USA-MN,Dodge
A/turkey/Minnesota/24-012740-002-original/2024|H5N1|USA-MN|2024-04-29|avian|C2.1,44.03,-92.86,USA-MN,Dodge
A/chicken/Maine/24-007946-001/2024|H5N1|USA-ME|2024-03-13|avian|C2.1,44.03,-69.03,USA-ME,Knox
A/domestic_goose/Maine/24-007946-002-original/2024|H5N1|USA-ME|2024-03-13|avian|C2.1,44.03,-69.03,USA-ME,Knox
A/mallard/Maine/24-004329-015-original/2024|H5N1|USA-ME|2024-01-30|avian|C2.1,44.17,-70.21,USA-ME,Androscoggin
A/mallard/Maine/24-004329-016-original/2024|H5N1|USA-ME|2024-01-30|avian|C2.1,44.17,-70.21,USA-ME,Androscoggin
A/duck/Maine/24-004330-036/2024|H5N1|USA-ME|2024-01-31|avian|C2.1,44.17,-70.21,USA-ME,Androscoggin
A/mallard/Maine/24-004332-010-original/2024|H5N1|USA-ME|2024-02-02|avian|C2.1,44.17,-70.21,USA-ME,Androscoggin
A/chicken/Maine/24-002533-001-original/2024|H5N1|USA-ME|2024-01-23|avian|C2.1,44.41,-69.77,USA-ME,Kennebec
A/chicken/Maine/24-002533-002-original/2024|H5N1|USA-ME|2024-01-23|avian|C2.1,44.41,-69.77,USA-ME,Kennebec
A/chicken/Vermont/23-038532-001/2023|H5N1|USA-VT|2023-12-05|avian|C2.1,44.83,-72.25,USA-VT,Orleans
A/chicken/Vermont/23-038532-002/2023|H5N1|USA-VT|2023-12-05|avian|C2.1,44.83,-72.25,USA-VT,Orleans
